{
  "A fresh verification link has been sent to your email address.": "Нови верификациони линк је послат на Вашу е-маил адресу.",
  "All rights reserved.": "Сва права задржана.",
  "Before proceeding, please check your email for a verification link.": "Пре него сто наставите, молимо Ваш проверите е-маил за верификациони линк.",
  "click here to request another": "Кликните овде да пошаљете још један",
  "Confirm Password": "Потврдите лозинку",
  "Dashboard": "Контролна табла",
  "E-Mail Address": "Адреса електронске поште",
  "Forbidden": "Забрањено",
  "Forgot Your Password?": "Заборавили сте лозинку?",
  "Go Home": "Иди на почетну",
  "Hello!": "Здраво!",
  "If you did not create an account, no further action is required.": "Уколико нисте креирали налог, није потребно да предузимате даље кораке.",
  "If you did not receive the email": "Ако нисте примили е-маил",
  "If you did not request a password reset, no further action is required.": "Уколико нисте захтевали промену лозинке, није потребно да предузимате даље кораке.",
  "If you’re having trouble clicking the \":actionText\" button, copy and paste the URL below\ninto your web browser:": "Ако имате проблема при клику на \":actionText\" дугме, копирајте и налепите УРЛ испод\n или у ваш веб претраживач:",
  "Invalid signature.": "Неважећи потпис.",
  "Login": "Пријава",
  "Logout": "Одјава",
  "Name": "Име",
  "Not Found": "Није пронађено.",
  "Oh no": "Ох не",
  "Page Expired": "Страница је истекла",
  "Password": "Лозинка",
  "Please click the button below to verify your email address.": "Молимо кликните на дугме испод да верификујете Вашу е-маил адресу.",
  "Please confirm your password before continuing.": "Молимо потврдите Вашу лозинку да бисте наставили.",
  "Regards": "Поздрав",
  "Register": "Регистрација",
  "Remember Me": "Запамти ме",
  "Reset Password": "Ресетуј лозинку",
  "Reset Password Notification": "Обавештење о ресетовању лозинке",
  "Send Password Reset Link": "Пошаљи линк за ресетовање лозинке",
  "Server Error": "Серверска грешка",
  "Service Unavailable": "Сервис недоступан",
  "This action is unauthorized.": "Ова акција није овлашћена.",
  "This password reset link will expire in :count minutes.": "Линк за промену лозинке истице за :count минута.",
  "Toggle navigation": "Прикажи навигацију",
  "Too Many Attempts.": "Превише покушаја.",
  "Too Many Requests": "Превише захтева",
  "Unauthorized": "Неовлашћен приступ",
  "Verify Email Address": "Верификуј Емаил Адресу",
  "Verify Your Email Address": "Верификујте Вашу Емаил Адресу",
  "We won't ask for your password again for a few hours.": "Нећемо Вас поново питати за Вашу лозинку у неколико следећих сати.",
  "You are logged in!": "Улоговани сте!",
  "You are receiving this email because we received a password reset request for your account.": "Добили сте овај емаил зато што само примили захтев за промену лозинке за Ваш налог.",
  "Your email address is not verified.": "Ваша емаил адреса није верификована.",
  "Whoops!": "Упс!"
}
